<?xml version="1.0" encoding="UTF-8" ?>
<!DOCTYPE mapper
PUBLIC "-//mybatis.org//DTD Mapper 3.0//EN"
"http://mybatis.org/dtd/mybatis-3-mapper.dtd">
<mapper namespace="GameMapper">
	
	<select id="newGameListSelect" resultType="GameDTO">
		SELECT gameNo, gameName, gameImage, gamePrice, gameContent, gameContent, gameGenre, '('||to_char(gameReleasedDate,'yyyy')||')' as gameReleasedDate, gameCategory
		FROM game
		WHERE rownum &lt; 11
		ORDER BY gameReleasedDate DESC
	</select>
	
	<select id="recommendGameListSelect" parameterType="int" resultType="GameDTO">
		SELECT game.gameNo, game.gameName, game.gameImage, 
		game.gamePrice, game.gameContent, game.gameContent, game.gameGenre, '('||to_char(game.gameReleasedDate,'yyyy')||')' as gameReleasedDate, game.gameCategory
		FROM game, rate
		WHERE game.gameNo = rate.gameNo
		AND rownum &lt; #{limit}
		ORDER BY rate.gameScore DESC, game.gameReleasedDate DESC
	</select>
	
	<select id="recommendUserTagGameListSelect" parameterType="string" resultType="GameDTO">
		SELECT game.gameNo, game.gameName, game.gameImage, 
		game.gamePrice, game.gameContent, game.gameContent, game.gameGenre, '('||to_char(game.gameReleasedDate,'yyyy')||')' as gameReleasedDate, game.gameCategory
		FROM game, rate
		WHERE game.gameNo = rate.gameNo
		AND REGEXP_LIKE (game.gameGenre, (SELECT NVL(REPLACE(mbrGenre, ',', '|'), '*')
		                       FROM member
		                       WHERE mbrId = #{mbrId}
		                       ))
		AND rownum &lt; 11
		ORDER BY rate.gameScore DESC, game.gameReleasedDate DESC
	</select>

	<select id="tagGameListSelect" parameterType="java.util.ArrayList" resultType="GameDTO">
		SELECT game.gameNo, game.gameName, game.gameImage, 
		game.gamePrice, game.gameContent, game.gameContent, game.gameGenre, '('||to_char(game.gameReleasedDate,'yyyy')||')' as gameReleasedDate, game.gameCategory
		FROM game, rate
		WHERE game.gameNo = rate.gameNo
		AND REGEXP_LIKE 
		<foreach collection="array" item="item" open="(game.gameGenre, " close=")" separator=",">
			#{item}
		</foreach>
		AND rownum &lt; 6
		ORDER BY rate.gameScore DESC, game.gameReleasedDate DESC
	</select>
	
	<select id="detailGameSelect" resultType="GameDTO">
		SELECT *
		FROM game
		WHERE gameNo = #{gameNo}
	</select>
	
	<select id="tagGameListChoice" resultType="GameDTO">
		SELECT gameCategory
		FROM genre
	</select>
	
	
</mapper>
